symbol,sumOpenInterest,sumOpenInterestValue,CMCCirculatingSupply,timestamp
BTCUSDT,79391.743,5221099249.58465,19995718.00000000,2026-02-28 04:00:00
BTCUSDT,79568.567,5222252146.2007,19995718.00000000,2026-02-28 05:00:00
BTCUSDT,79746.903,5228183036.6091,19995718.00000000,2026-02-28 06:00:00
BTCUSDT,81215.212,5133285132.092428,19995718.00000000,2026-02-28 07:00:00
BTCUSDT,80302.906,5122594646.3554,19995718.00000000,2026-02-28 08:00:00
BTCUSDT,80608.46,5113986101.858,19995718.00000000,2026-02-28 09:00:00
BTCUSDT,80721.728,5136395370.410262,19995718.00000000,2026-02-28 10:00:00
BTCUSDT,80992.716,5180950370.680905,19995718.00000000,2026-02-28 11:00:00
BTCUSDT,80481.465,5135160115.0575,19995718.00000000,2026-02-28 12:00:00
BTCUSDT,80284.157,5136146159.632448,19995718.00000000,2026-02-28 13:00:00
BTCUSDT,79876.79,5198689509.099676,19995718.00000000,2026-02-28 14:00:00
BTCUSDT,79720.394,5134171205.536112,19995718.00000000,2026-02-28 15:00:00
BTCUSDT,79010.538,5119986098.828379,19995718.00000000,2026-02-28 16:00:00
BTCUSDT,79472.637,5169997032.8706,19995718.00000000,2026-02-28 17:00:00
BTCUSDT,79424.804,5194869574.787307,19995718.00000000,2026-02-28 18:00:00
BTCUSDT,78138.026,5147600318.2358,19995718.00000000,2026-02-28 19:00:00
BTCUSDT,77827.037,5162939277.1661005,19995718.00000000,2026-02-28 20:00:00
BTCUSDT,77339.196,5175600867.6768,19995718.00000000,2026-02-28 21:00:00
BTCUSDT,77047.759,5137906694.5873,19995718.00000000,2026-02-28 22:00:00
BTCUSDT,77208.239,5179133592.187235,19995718.00000000,2026-02-28 23:00:00
BTCUSDT,77361.251,5179889735.565613,19995718.00000000,2026-03-01 00:00:00
BTCUSDT,77497.496,5173994944.653857,19995718.00000000,2026-03-01 01:00:00
BTCUSDT,77615.394,5224703531.7282,19995718.00000000,2026-03-01 02:00:00
BTCUSDT,77693.17,5252123699.51562,19996178.00000000,2026-03-01 03:00:00
BTCUSDT,78276.088,5281663382.5824,19996178.00000000,2026-03-01 04:00:00
BTCUSDT,78155.028,5261147180.048598,19996178.00000000,2026-03-01 05:00:00
BTCUSDT,78359.465,5271241883.419592,19996178.00000000,2026-03-01 06:00:00
BTCUSDT,77799.852,5204382199.614,19996178.00000000,2026-03-01 07:00:00
BTCUSDT,77520.156,5202679997.7684,19996178.00000000,2026-03-01 08:00:00
BTCUSDT,78011.642,5190627005.824217,19996178.00000000,2026-03-01 09:00:00
BTCUSDT,78395.825,5204072766.325368,19996178.00000000,2026-03-01 10:00:00
BTCUSDT,78344.084,5204661998.774389,19996178.00000000,2026-03-01 11:00:00
BTCUSDT,78511.577,5216296538.105414,19996178.00000000,2026-03-01 12:00:00
BTCUSDT,78656.688,5212669394.662072,19996178.00000000,2026-03-01 13:00:00
BTCUSDT,78272.777,5236840145.185,19996178.00000000,2026-03-01 14:00:00
BTCUSDT,79100.981,5287790364.097082,19996178.00000000,2026-03-01 15:00:00
BTCUSDT,79254.996,5293966018.03853,19996178.00000000,2026-03-01 16:00:00
BTCUSDT,79091.626,5228921396.4372,19996178.00000000,2026-03-01 17:00:00
BTCUSDT,79157.44,5220781460.736,19996178.00000000,2026-03-01 18:00:00
BTCUSDT,78635.408,5212623976.5688925,19996178.00000000,2026-03-01 19:00:00
BTCUSDT,78972.913,5206763286.093143,19996178.00000000,2026-03-01 20:00:00
BTCUSDT,78414.098,5117018570.092451,19996178.00000000,2026-03-01 21:00:00
BTCUSDT,78274.667,5137295733.320361,19996178.00000000,2026-03-01 22:00:00
BTCUSDT,77909.683,5082890046.6664,19996178.00000000,2026-03-01 23:00:00
BTCUSDT,77832.776,5116796743.7384,19996178.00000000,2026-03-02 00:00:00
BTCUSDT,77419.315,5146013546.055253,19996178.00000000,2026-03-02 01:00:00
BTCUSDT,77086.788,5126271402.0,19996178.00000000,2026-03-02 02:00:00
BTCUSDT,77183.223,5112832150.164968,19996631.00000000,2026-03-02 03:00:00
BTCUSDT,77595.155,5182139101.236748,19996631.00000000,2026-03-02 04:00:00
BTCUSDT,77755.046,5196548560.7858,19996631.00000000,2026-03-02 05:00:00
BTCUSDT,77787.473,5188510015.3203,19996631.00000000,2026-03-02 06:00:00
BTCUSDT,77750.513,5145597815.321445,19996631.00000000,2026-03-02 07:00:00
BTCUSDT,77453.12,5109435165.472,19996631.00000000,2026-03-02 08:00:00
BTCUSDT,78349.699,5190732909.2122555,19996631.00000000,2026-03-02 09:00:00
BTCUSDT,78758.065,5209065946.202017,19996631.00000000,2026-03-02 10:00:00
BTCUSDT,78957.183,5233650414.20031,19996631.00000000,2026-03-02 11:00:00
BTCUSDT,78915.198,5234232012.3054,19996631.00000000,2026-03-02 12:00:00
BTCUSDT,79145.626,5218989211.4416,19996631.00000000,2026-03-02 13:00:00
BTCUSDT,79221.535,5182839132.683235,19996631.00000000,2026-03-02 14:00:00
BTCUSDT,79637.534,5347118872.8688,19996631.00000000,2026-03-02 15:00:00
BTCUSDT,81474.406,5628986788.870786,19996631.00000000,2026-03-02 16:00:00
BTCUSDT,82323.888,5713269594.8112,19996631.00000000,2026-03-02 17:00:00
BTCUSDT,82934.962,5736955220.975412,19996631.00000000,2026-03-02 18:00:00
BTCUSDT,83297.422,5735335705.1614,19996631.00000000,2026-03-02 19:00:00
BTCUSDT,83129.457,5729980463.8788,19996631.00000000,2026-03-02 20:00:00
BTCUSDT,82754.752,5716830675.7632,19996631.00000000,2026-03-02 21:00:00
BTCUSDT,82607.468,5729822222.560883,19996631.00000000,2026-03-02 22:00:00
BTCUSDT,82487.868,5725348459.094984,19996631.00000000,2026-03-02 23:00:00
BTCUSDT,82214.751,5656522855.3518,19996631.00000000,2026-03-03 00:00:00
BTCUSDT,82252.963,5680590801.818397,19996631.00000000,2026-03-03 01:00:00
BTCUSDT,82286.977,5655139579.5342,19996631.00000000,2026-03-03 02:00:00
BTCUSDT,81489.735,5580152398.942121,19997062.00000000,2026-03-03 03:00:00
BTCUSDT,81586.934,5575685462.000081,19997062.00000000,2026-03-03 04:00:00
BTCUSDT,81412.11,5544031819.356883,19997062.00000000,2026-03-03 05:00:00
BTCUSDT,80999.655,5501788351.83587,19997062.00000000,2026-03-03 06:00:00
BTCUSDT,80459.913,5477340761.4402,19997062.00000000,2026-03-03 07:00:00
BTCUSDT,79835.338,5440131618.4622,19997062.00000000,2026-03-03 08:00:00
BTCUSDT,79821.835,5345718027.80864,19997062.00000000,2026-03-03 09:00:00
BTCUSDT,79497.449,5296480528.954023,19997062.00000000,2026-03-03 10:00:00
BTCUSDT,78697.123,5259045420.4472,19997062.00000000,2026-03-03 11:00:00
BTCUSDT,78575.389,5265770636.167685,19997062.00000000,2026-03-03 12:00:00
BTCUSDT,77532.793,5222608936.48,19997062.00000000,2026-03-03 13:00:00
BTCUSDT,77679.529,5196659506.7123,19997062.00000000,2026-03-03 14:00:00
BTCUSDT,77855.685,5180389625.913401,19997062.00000000,2026-03-03 15:00:00
BTCUSDT,78942.344,5346644423.510643,19997062.00000000,2026-03-03 16:00:00
BTCUSDT,79017.314,5384026429.2122,19997062.00000000,2026-03-03 17:00:00
BTCUSDT,78476.615,5358752112.2905,19997062.00000000,2026-03-03 18:00:00
BTCUSDT,78630.331,5392979197.1315,19997062.00000000,2026-03-03 19:00:00
BTCUSDT,78723.512,5384386997.831434,19997062.00000000,2026-03-03 20:00:00
BTCUSDT,78745.679,5371455377.9233,19997062.00000000,2026-03-03 21:00:00
BTCUSDT,78702.611,5350187755.2578,19997062.00000000,2026-03-03 22:00:00
BTCUSDT,78724.636,5375467722.8884,19997062.00000000,2026-03-03 23:00:00
BTCUSDT,79135.725,5404964066.263987,19997062.00000000,2026-03-04 00:00:00
BTCUSDT,79364.491,5403190703.983526,19997062.00000000,2026-03-04 01:00:00
BTCUSDT,80034.879,5471616516.7866,19997062.00000000,2026-03-04 02:00:00
BTCUSDT,80055.326,5466489875.0514,19997462.00000000,2026-03-04 03:00:00
BTCUSDT,79836.02,5405905924.90036,19997462.00000000,2026-03-04 04:00:00
BTCUSDT,79836.329,5409941178.3941,19997462.00000000,2026-03-04 05:00:00
BTCUSDT,79797.722,5440058081.6782,19997462.00000000,2026-03-04 06:00:00
BTCUSDT,80457.301,5509232231.703446,19997462.00000000,2026-03-04 07:00:00
BTCUSDT,82152.13,5707518173.892631,19997462.00000000,2026-03-04 08:00:00
BTCUSDT,83141.502,5902206912.8298,19997462.00000000,2026-03-04 09:00:00
BTCUSDT,88005.491,6291498373.777792,19997462.00000000,2026-03-04 10:00:00
BTCUSDT,89726.453,6397379454.5111,19997462.00000000,2026-03-04 11:00:00
BTCUSDT,89859.171,6387543896.372178,19997462.00000000,2026-03-04 12:00:00
BTCUSDT,87955.317,6271908949.1043,19997462.00000000,2026-03-04 13:00:00
BTCUSDT,88786.616,6344124743.7282095,19997462.00000000,2026-03-04 14:00:00
BTCUSDT,90819.07,6501137815.438,19997462.00000000,2026-03-04 15:00:00
BTCUSDT,91517.091,6712275280.8495,19997462.00000000,2026-03-04 16:00:00
BTCUSDT,91901.079,6732918254.637246,19997462.00000000,2026-03-04 17:00:00
BTCUSDT,92715.49,6784391079.907,19997462.00000000,2026-03-04 18:00:00
BTCUSDT,93180.361,6860236353.9752,19997462.00000000,2026-03-04 19:00:00
BTCUSDT,91527.633,6734511708.507,19997462.00000000,2026-03-04 20:00:00
BTCUSDT,91762.534,6703528396.302,19997462.00000000,2026-03-04 21:00:00
BTCUSDT,91995.693,6741097818.598529,19997462.00000000,2026-03-04 22:00:00
BTCUSDT,91682.003,6663347127.8367,19997462.00000000,2026-03-04 23:00:00
BTCUSDT,91427.871,6643426773.967079,19997462.00000000,2026-03-05 00:00:00
BTCUSDT,91446.023,6650658926.9371,19997462.00000000,2026-03-05 01:00:00
BTCUSDT,91198.785,6612559909.606437,19997462.00000000,2026-03-05 02:00:00
BTCUSDT,91339.064,6620014273.231995,19997890.00000000,2026-03-05 03:00:00
BTCUSDT,91401.994,6623856804.183,19997890.00000000,2026-03-05 04:00:00
BTCUSDT,91572.173,6664998196.8493,19997890.00000000,2026-03-05 05:00:00
BTCUSDT,91596.896,6629013918.5536,19997890.00000000,2026-03-05 06:00:00
BTCUSDT,91635.619,6646166263.593227,19997890.00000000,2026-03-05 07:00:00
BTCUSDT,91136.394,6563560008.04535,19997890.00000000,2026-03-05 08:00:00
BTCUSDT,90881.881,6571443652.615157,19997890.00000000,2026-03-05 09:00:00
BTCUSDT,91004.278,6603561625.3696,19997890.00000000,2026-03-05 10:00:00
BTCUSDT,90278.645,6621920555.021,19997890.00000000,2026-03-05 11:00:00
BTCUSDT,89867.42,6550078659.382102,19997890.00000000,2026-03-05 12:00:00
BTCUSDT,89856.36,6545891544.684183,19997890.00000000,2026-03-05 13:00:00
BTCUSDT,89220.964,6462765137.822,19997890.00000000,2026-03-05 14:00:00
BTCUSDT,88961.886,6455181202.4232,19997890.00000000,2026-03-05 15:00:00
BTCUSDT,86570.222,6199039960.946701,19997890.00000000,2026-03-05 16:00:00
BTCUSDT,85946.333,6125206070.9774,19997890.00000000,2026-03-05 17:00:00
BTCUSDT,84877.527,5999194534.8762,19997890.00000000,2026-03-05 18:00:00
BTCUSDT,84744.047,6013530793.5717,19997890.00000000,2026-03-05 19:00:00
BTCUSDT,84371.857,5983908242.28991,19997890.00000000,2026-03-05 20:00:00
BTCUSDT,83998.588,5984118208.1316,19997890.00000000,2026-03-05 21:00:00
BTCUSDT,83397.687,5929801270.000561,19997890.00000000,2026-03-05 22:00:00
BTCUSDT,83448.056,5939701064.777234,19997890.00000000,2026-03-05 23:00:00
BTCUSDT,83431.399,5911950970.558959,19997890.00000000,2026-03-06 00:00:00
BTCUSDT,83572.22,5929958799.542,19997890.00000000,2026-03-06 01:00:00
BTCUSDT,83481.719,5944756351.364604,19997890.00000000,2026-03-06 02:00:00
BTCUSDT,83088.524,5916891662.2356,19998406.00000000,2026-03-06 03:00:00
BTCUSDT,82996.149,5896718693.7669,19998406.00000000,2026-03-06 04:00:00
BTCUSDT,82374.221,5813807769.738,19998406.00000000,2026-03-06 05:00:00
BTCUSDT,82290.355,5793091889.628491,19998406.00000000,2026-03-06 06:00:00
BTCUSDT,81934.628,5783172346.673101,19998406.00000000,2026-03-06 07:00:00
BTCUSDT,81882.466,5815104405.6482,19998406.00000000,2026-03-06 08:00:00
BTCUSDT,82036.56,5804086620.0,19998406.00000000,2026-03-06 09:00:00
BTCUSDT,81892.182,5775884589.8531,19998406.00000000,2026-03-06 10:00:00
BTCUSDT,81869.941,5772649539.91,19998406.00000000,2026-03-06 11:00:00
BTCUSDT,82042.561,5759393122.694874,19998406.00000000,2026-03-06 12:00:00
BTCUSDT,82381.597,5759000872.5208,19998406.00000000,2026-03-06 13:00:00
BTCUSDT,83311.857,5764506824.197923,19998406.00000000,2026-03-06 14:00:00
BTCUSDT,83913.048,5738369812.6713085,19998406.00000000,2026-03-06 15:00:00
BTCUSDT,83449.583,5713908830.454518,19998406.00000000,2026-03-06 16:00:00
BTCUSDT,83394.723,5705354528.179914,19998406.00000000,2026-03-06 17:00:00
BTCUSDT,83388.02,5664598231.412,19998406.00000000,2026-03-06 18:00:00
BTCUSDT,83618.553,5699005756.0044,19998406.00000000,2026-03-06 19:00:00
BTCUSDT,83462.382,5683946792.7258,19998406.00000000,2026-03-06 20:00:00
BTCUSDT,83503.446,5686094561.830422,19998406.00000000,2026-03-06 21:00:00
BTCUSDT,83573.308,5704563572.1256,19998406.00000000,2026-03-06 22:00:00
BTCUSDT,83365.141,5692705364.3824,19998406.00000000,2026-03-06 23:00:00
BTCUSDT,83334.539,5674898107.464616,19998406.00000000,2026-03-07 00:00:00
BTCUSDT,83549.877,5702147986.431833,19998406.00000000,2026-03-07 01:00:00
BTCUSDT,83727.431,5712161667.611533,19998406.00000000,2026-03-07 02:00:00
BTCUSDT,84007.618,5739474014.397239,19998862.00000000,2026-03-07 03:00:00
BTCUSDT,83808.909,5706841210.752543,19998862.00000000,2026-03-07 04:00:00
BTCUSDT,84229.612,5730425513.62605,19998862.00000000,2026-03-07 05:00:00
BTCUSDT,84389.238,5737632730.5438,19998862.00000000,2026-03-07 06:00:00
BTCUSDT,84531.157,5719834550.8678,19998862.00000000,2026-03-07 07:00:00
BTCUSDT,84659.313,5740697218.9422,19998862.00000000,2026-03-07 08:00:00
BTCUSDT,84503.967,5726631034.0692,19998862.00000000,2026-03-07 09:00:00
BTCUSDT,84552.346,5747143513.334888,19998862.00000000,2026-03-07 10:00:00
BTCUSDT,84370.889,5724708249.1613,19998862.00000000,2026-03-07 11:00:00
BTCUSDT,84465.358,5741617175.408,19998862.00000000,2026-03-07 12:00:00
BTCUSDT,84429.464,5737362011.388,19998862.00000000,2026-03-07 13:00:00
BTCUSDT,84086.459,5709259524.138545,19998862.00000000,2026-03-07 14:00:00
BTCUSDT,83990.204,5709358500.306193,19998862.00000000,2026-03-07 15:00:00
BTCUSDT,83979.85,5697604525.265,19998862.00000000,2026-03-07 16:00:00
BTCUSDT,83961.289,5689145527.081055,19998862.00000000,2026-03-07 17:00:00
BTCUSDT,83900.548,5684318092.313512,19998862.00000000,2026-03-07 18:00:00
BTCUSDT,83840.473,5661814214.0684,19998862.00000000,2026-03-07 19:00:00
BTCUSDT,83796.801,5618407913.448,19998862.00000000,2026-03-07 20:00:00
BTCUSDT,83774.698,5642586141.5014,19998862.00000000,2026-03-07 21:00:00
BTCUSDT,83536.464,5631727671.6096,19998862.00000000,2026-03-07 22:00:00
BTCUSDT,83654.764,5622562170.586,19998862.00000000,2026-03-07 23:00:00
BTCUSDT,83750.58,5630727369.618,19998862.00000000,2026-03-08 00:00:00
BTCUSDT,83988.185,5641073425.673871,19998862.00000000,2026-03-08 01:00:00
BTCUSDT,84268.8,5668450381.44,19998862.00000000,2026-03-08 02:00:00
BTCUSDT,83996.21,5618615681.973,19999281.00000000,2026-03-08 03:00:00
BTCUSDT,84340.149,5649322464.4074,19999281.00000000,2026-03-08 04:00:00
BTCUSDT,84298.955,5615035374.013,19999281.00000000,2026-03-08 05:00:00
BTCUSDT,84621.931,5679434747.8374,19999281.00000000,2026-03-08 06:00:00
BTCUSDT,84902.393,5699811780.9441,19999281.00000000,2026-03-08 07:00:00
BTCUSDT,84598.785,5692461250.471138,19999281.00000000,2026-03-08 08:00:00
BTCUSDT,84221.227,5684459761.63255,19999281.00000000,2026-03-08 09:00:00
BTCUSDT,83448.247,5646350391.9363,19999281.00000000,2026-03-08 10:00:00
BTCUSDT,82949.272,5630380915.2528,19999281.00000000,2026-03-08 11:00:00
BTCUSDT,82603.379,5574910309.0479,19999281.00000000,2026-03-08 12:00:00
BTCUSDT,82534.533,5553527875.750335,19999281.00000000,2026-03-08 13:00:00
BTCUSDT,82445.663,5540516299.457854,19999281.00000000,2026-03-08 14:00:00
BTCUSDT,82499.522,5552564328.5924,19999281.00000000,2026-03-08 15:00:00
BTCUSDT,82704.64,5555745844.114341,19999281.00000000,2026-03-08 16:00:00
BTCUSDT,82945.971,5545110901.142985,19999281.00000000,2026-03-08 17:00:00
BTCUSDT,82660.152,5537031611.796,19999281.00000000,2026-03-08 18:00:00
BTCUSDT,82634.553,5518807965.091179,19999281.00000000,2026-03-08 19:00:00
BTCUSDT,82467.056,5549950401.744,19999281.00000000,2026-03-08 20:00:00
BTCUSDT,82647.075,5553271851.645,19999281.00000000,2026-03-08 21:00:00
BTCUSDT,82457.52,5522650122.264,19999281.00000000,2026-03-08 22:00:00
BTCUSDT,82222.75,5443014493.6,19999281.00000000,2026-03-08 23:00:00
BTCUSDT,82092.11,5412771325.09,19999281.00000000,2026-03-09 00:00:00
BTCUSDT,81930.994,5434736507.001223,19999281.00000000,2026-03-09 01:00:00
BTCUSDT,82583.741,5463429433.027876,19999281.00000000,2026-03-09 02:00:00
BTCUSDT,82074.8,5459180101.533461,19999696.00000000,2026-03-09 03:00:00
BTCUSDT,81293.146,5460365819.586637,19999696.00000000,2026-03-09 04:00:00
BTCUSDT,81056.26,5438413025.318,19999696.00000000,2026-03-09 05:00:00
BTCUSDT,81633.645,5540423651.743012,19999696.00000000,2026-03-09 06:00:00
BTCUSDT,81230.99,5460948257.126,19999696.00000000,2026-03-09 07:00:00
BTCUSDT,81057.902,5471797462.9296,19999696.00000000,2026-03-09 08:00:00
BTCUSDT,81201.601,5503227383.6124,19999696.00000000,2026-03-09 09:00:00
BTCUSDT,81639.689,5547122964.6696,19999696.00000000,2026-03-09 10:00:00
BTCUSDT,81603.435,5515007978.758881,19999696.00000000,2026-03-09 11:00:00
BTCUSDT,81481.061,5518180925.893355,19999696.00000000,2026-03-09 12:00:00
BTCUSDT,81186.517,5530832471.337316,19999696.00000000,2026-03-09 13:00:00
BTCUSDT,82192.606,5666959235.927534,19999696.00000000,2026-03-09 14:00:00
BTCUSDT,82985.107,5734619431.1494,19999696.00000000,2026-03-09 15:00:00
BTCUSDT,83098.116,5721296976.7884,19999696.00000000,2026-03-09 16:00:00
BTCUSDT,82497.014,5686359280.263605,19999696.00000000,2026-03-09 17:00:00
BTCUSDT,82233.324,5639021759.745301,19999696.00000000,2026-03-09 18:00:00
BTCUSDT,82068.343,5607691660.042276,19999696.00000000,2026-03-09 19:00:00
BTCUSDT,82193.646,5668698499.8696,19999696.00000000,2026-03-09 20:00:00
BTCUSDT,81990.764,5651483978.2212,19999696.00000000,2026-03-09 21:00:00
BTCUSDT,81905.304,5643544645.780804,19999696.00000000,2026-03-09 22:00:00
BTCUSDT,81786.062,5610876922.444574,19999696.00000000,2026-03-09 23:00:00
BTCUSDT,81593.011,5580886459.353488,19999696.00000000,2026-03-10 00:00:00
BTCUSDT,82450.493,5698771949.9275,19999696.00000000,2026-03-10 01:00:00
BTCUSDT,82517.822,5713740289.835,19999696.00000000,2026-03-10 02:00:00
BTCUSDT,83198.159,5844014821.074517,20000118.00000000,2026-03-10 03:00:00
BTCUSDT,82151.983,5700608252.353,20000118.00000000,2026-03-10 04:00:00
BTCUSDT,82002.02,5742609660.802,20000118.00000000,2026-03-10 05:00:00
BTCUSDT,82217.18,5750121578.276,20000118.00000000,2026-03-10 06:00:00
BTCUSDT,82458.708,5763739719.105306,20000118.00000000,2026-03-10 07:00:00
BTCUSDT,82064.255,5774869830.7755,20000118.00000000,2026-03-10 08:00:00
BTCUSDT,82660.58,5839647600.738,20000118.00000000,2026-03-10 09:00:00
BTCUSDT,83103.599,5903380956.470894,20000118.00000000,2026-03-10 10:00:00
BTCUSDT,83259.887,5890070838.0184,20000118.00000000,2026-03-10 11:00:00
BTCUSDT,83215.935,5872914683.064,20000118.00000000,2026-03-10 12:00:00
BTCUSDT,83371.773,5876584477.5645,20000118.00000000,2026-03-10 13:00:00
BTCUSDT,82886.976,5792784793.306451,20000118.00000000,2026-03-10 14:00:00
BTCUSDT,83214.889,5944122736.159,20000118.00000000,2026-03-10 15:00:00
BTCUSDT,83049.29,5921709814.017056,20000118.00000000,2026-03-10 16:00:00
BTCUSDT,83434.243,5942749451.274946,20000118.00000000,2026-03-10 17:00:00
BTCUSDT,82878.044,5870011510.1924,20000118.00000000,2026-03-10 18:00:00
BTCUSDT,82160.258,5749275231.2632265,20000118.00000000,2026-03-10 19:00:00
BTCUSDT,81710.672,5719918632.4112,20000118.00000000,2026-03-10 20:00:00
BTCUSDT,81504.091,5720682492.7899,20000118.00000000,2026-03-10 21:00:00
BTCUSDT,81006.403,5647427222.218498,20000118.00000000,2026-03-10 22:00:00
BTCUSDT,80647.971,5618010881.446465,20000118.00000000,2026-03-10 23:00:00
BTCUSDT,80589.962,5633753832.235856,20000118.00000000,2026-03-11 00:00:00
BTCUSDT,80802.258,5655762128.9358,20000118.00000000,2026-03-11 01:00:00
BTCUSDT,80906.051,5665672758.2178,20000118.00000000,2026-03-11 02:00:00
BTCUSDT,80758.581,5635188416.7342,20000559.00000000,2026-03-11 03:00:00
BTCUSDT,81013.244,5631826485.9672985,20000559.00000000,2026-03-11 04:00:00
BTCUSDT,81126.058,5686206531.278,20000559.00000000,2026-03-11 05:00:00
BTCUSDT,81093.426,5633073743.664,20000559.00000000,2026-03-11 06:00:00
BTCUSDT,81456.289,5694699477.764998,20000559.00000000,2026-03-11 07:00:00
BTCUSDT,81442.121,5669463961.686906,20000559.00000000,2026-03-11 08:00:00
BTCUSDT,81348.965,5663739105.088857,20000559.00000000,2026-03-11 09:00:00
BTCUSDT,81565.251,5663453594.998887,20000559.00000000,2026-03-11 10:00:00
BTCUSDT,81526.94,5671770551.259228,20000559.00000000,2026-03-11 11:00:00
BTCUSDT,81270.817,5619446260.2199,20000559.00000000,2026-03-11 12:00:00
BTCUSDT,81175.653,5627445135.387019,20000559.00000000,2026-03-11 13:00:00
BTCUSDT,81309.82,5703011073.948503,20000559.00000000,2026-03-11 14:00:00
BTCUSDT,82075.698,5788815395.0796,20000559.00000000,2026-03-11 15:00:00
BTCUSDT,81950.647,5751111091.699595,20000559.00000000,2026-03-11 16:00:00
BTCUSDT,82530.182,5821183857.188,20000559.00000000,2026-03-11 17:00:00
BTCUSDT,83097.153,5879422724.5008,20000559.00000000,2026-03-11 18:00:00
BTCUSDT,83006.921,5858811099.4062,20000559.00000000,2026-03-11 19:00:00
BTCUSDT,82714.597,5840122125.095573,20000559.00000000,2026-03-11 20:00:00
BTCUSDT,82334.442,5811895516.997041,20000559.00000000,2026-03-11 21:00:00
BTCUSDT,82370.932,5824011096.871213,20000559.00000000,2026-03-11 22:00:00
BTCUSDT,82467.748,5801104038.02989,20000559.00000000,2026-03-11 23:00:00
BTCUSDT,82660.243,5798607780.4257,20000559.00000000,2026-03-12 00:00:00
BTCUSDT,82622.556,5798520988.9255085,20000559.00000000,2026-03-12 01:00:00
BTCUSDT,82048.214,5725938264.197211,20000559.00000000,2026-03-12 02:00:00
BTCUSDT,81561.357,5647771631.915872,20000978.00000000,2026-03-12 03:00:00
BTCUSDT,81565.82,5660671514.627673,20000978.00000000,2026-03-12 04:00:00
BTCUSDT,81678.652,5663009643.3856,20000978.00000000,2026-03-12 05:00:00
BTCUSDT,81451.493,5655719650.132619,20000978.00000000,2026-03-12 06:00:00
BTCUSDT,81366.413,5651344898.1215,20000978.00000000,2026-03-12 07:00:00
BTCUSDT,81843.558,5712100632.686715,20000978.00000000,2026-03-12 08:00:00
BTCUSDT,82146.133,5739156011.2716,20000978.00000000,2026-03-12 09:00:00
BTCUSDT,81079.423,5668900934.772095,20000978.00000000,2026-03-12 10:00:00
BTCUSDT,81373.845,5726583027.168289,20000978.00000000,2026-03-12 11:00:00
BTCUSDT,81961.397,5769803680.0502,20000978.00000000,2026-03-12 12:00:00
BTCUSDT,82251.017,5786235669.4245,20000978.00000000,2026-03-12 13:00:00
BTCUSDT,82995.889,5804143205.8481,20000978.00000000,2026-03-12 14:00:00
BTCUSDT,83304.936,5793960994.469339,20000978.00000000,2026-03-12 15:00:00
BTCUSDT,83394.988,5861727177.883251,20000978.00000000,2026-03-12 16:00:00
BTCUSDT,84271.714,5927348839.375692,20000978.00000000,2026-03-12 17:00:00
BTCUSDT,84132.779,5903361530.6488,20000978.00000000,2026-03-12 18:00:00
BTCUSDT,83778.042,5846115548.802,20000978.00000000,2026-03-12 19:00:00
BTCUSDT,83873.963,5905057276.279773,20000978.00000000,2026-03-12 20:00:00
BTCUSDT,83941.14,5886769167.184177,20000978.00000000,2026-03-12 21:00:00
BTCUSDT,83745.684,5882673699.738,20000978.00000000,2026-03-12 22:00:00
BTCUSDT,83902.489,5885600851.937198,20000978.00000000,2026-03-12 23:00:00
BTCUSDT,84271.193,5940047298.446629,20000978.00000000,2026-03-13 00:00:00
BTCUSDT,85965.31,6142242838.500416,20000978.00000000,2026-03-13 01:00:00
BTCUSDT,86369.209,6186626440.67,20000978.00000000,2026-03-13 02:00:00
BTCUSDT,86232.264,6132499977.205571,20001396.00000000,2026-03-13 03:00:00
BTCUSDT,85626.932,6111348945.990058,20001396.00000000,2026-03-13 04:00:00
BTCUSDT,85758.977,6119446792.865702,20001396.00000000,2026-03-13 05:00:00
BTCUSDT,85865.823,6140737264.7565,20001396.00000000,2026-03-13 06:00:00
BTCUSDT,85355.642,6087205893.7436,20001396.00000000,2026-03-13 07:00:00
BTCUSDT,86634.836,6201780725.5108,20001396.00000000,2026-03-13 08:00:00
BTCUSDT,88195.605,6331562482.95,20001396.00000000,2026-03-13 09:00:00
BTCUSDT,88196.295,6347071554.190538,20001396.00000000,2026-03-13 10:00:00
BTCUSDT,88932.499,6440608116.53113,20001396.00000000,2026-03-13 11:00:00
BTCUSDT,88820.268,6412219371.7776,20001396.00000000,2026-03-13 12:00:00
BTCUSDT,89349.177,6498857063.6835,20001396.00000000,2026-03-13 13:00:00
BTCUSDT,88991.522,6528596036.964,20001396.00000000,2026-03-13 14:00:00
BTCUSDT,91473.597,6618373406.419599,20001396.00000000,2026-03-13 15:00:00
BTCUSDT,88762.953,6373323393.649391,20001396.00000000,2026-03-13 16:00:00
BTCUSDT,85660.094,6154557829.7684,20001396.00000000,2026-03-13 17:00:00
BTCUSDT,86566.721,6146418981.1141,20001396.00000000,2026-03-13 18:00:00
BTCUSDT,85117.31,6045088301.53084,20001396.00000000,2026-03-13 19:00:00
BTCUSDT,85234.233,6063520718.5035,20001396.00000000,2026-03-13 20:00:00
BTCUSDT,84876.984,6052365536.58,20001396.00000000,2026-03-13 21:00:00
BTCUSDT,84577.575,6010544773.783272,20001396.00000000,2026-03-13 22:00:00
BTCUSDT,83495.485,5909786691.985601,20001396.00000000,2026-03-13 23:00:00
BTCUSDT,83154.167,5895264561.9652,20001396.00000000,2026-03-14 00:00:00
BTCUSDT,82838.086,5849081512.046334,20001396.00000000,2026-03-14 01:00:00
BTCUSDT,83387.552,5903820839.081277,20001396.00000000,2026-03-14 02:00:00
BTCUSDT,83523.885,5908663377.447,20001768.00000000,2026-03-14 03:00:00
BTCUSDT,83353.965,5921236024.970165,20001768.00000000,2026-03-14 04:00:00
BTCUSDT,83345.317,5917209129.3271,20001768.00000000,2026-03-14 05:00:00
BTCUSDT,83559.885,5931258254.734283,20001768.00000000,2026-03-14 06:00:00
BTCUSDT,83942.945,5925297447.304,20001768.00000000,2026-03-14 07:00:00
BTCUSDT,83804.311,5913709868.7327,20001768.00000000,2026-03-14 08:00:00
BTCUSDT,84053.592,5930106995.988,20001768.00000000,2026-03-14 09:00:00
BTCUSDT,84462.501,5953546652.554464,20001768.00000000,2026-03-14 10:00:00
BTCUSDT,84787.527,5980481261.818225,20001768.00000000,2026-03-14 11:00:00
BTCUSDT,84660.683,5986053042.830934,20001768.00000000,2026-03-14 12:00:00
BTCUSDT,84508.916,5977611409.886,20001768.00000000,2026-03-14 13:00:00
BTCUSDT,84429.116,5980008150.927965,20001768.00000000,2026-03-14 14:00:00
BTCUSDT,84425.194,5957615779.9592,20001768.00000000,2026-03-14 15:00:00
BTCUSDT,84391.984,5955057887.254939,20001768.00000000,2026-03-14 16:00:00
BTCUSDT,84154.18,5945004722.756,20001768.00000000,2026-03-14 17:00:00
BTCUSDT,84138.695,5939022339.1395,20001768.00000000,2026-03-14 18:00:00
BTCUSDT,84154.655,5943598260.883401,20001768.00000000,2026-03-14 19:00:00
BTCUSDT,84137.928,5945530957.9848,20001768.00000000,2026-03-14 20:00:00
BTCUSDT,84035.03,5946958824.321942,20001768.00000000,2026-03-14 21:00:00
BTCUSDT,83767.67,5926922853.481,20001768.00000000,2026-03-14 22:00:00
BTCUSDT,83885.436,5928905176.8696,20001768.00000000,2026-03-14 23:00:00
BTCUSDT,83494.763,5942689659.6672,20001768.00000000,2026-03-15 00:00:00
BTCUSDT,83487.89,5923507539.445,20001768.00000000,2026-03-15 01:00:00
BTCUSDT,83422.352,5920563378.022524,20001768.00000000,2026-03-15 02:00:00
BTCUSDT,83012.913,5927902510.497523,20002162.00000000,2026-03-15 03:00:00
BTCUSDT,83198.401,5933851087.923985,20002162.00000000,2026-03-15 04:00:00
BTCUSDT,83036.498,5940760943.849182,20002162.00000000,2026-03-15 05:00:00
BTCUSDT,83041.054,5933204957.862287,20002162.00000000,2026-03-15 06:00:00
BTCUSDT,82616.45,5900070300.04,20002162.00000000,2026-03-15 07:00:00
BTCUSDT,82033.012,5858934768.744927,20002162.00000000,2026-03-15 08:00:00
BTCUSDT,81687.74,5854952426.952,20002162.00000000,2026-03-15 09:00:00
BTCUSDT,82080.012,5889347565.0156,20002162.00000000,2026-03-15 10:00:00
BTCUSDT,82237.193,5899847627.919137,20002162.00000000,2026-03-15 11:00:00
BTCUSDT,82114.888,5895848958.4,20002162.00000000,2026-03-15 12:00:00
BTCUSDT,81982.193,5868608706.194887,20002162.00000000,2026-03-15 13:00:00
BTCUSDT,82450.741,5902307417.808452,20002162.00000000,2026-03-15 14:00:00
BTCUSDT,82681.951,5919035508.188,20002162.00000000,2026-03-15 15:00:00
BTCUSDT,82394.104,5886600092.976323,20002162.00000000,2026-03-15 16:00:00
BTCUSDT,82503.54,5891198275.116,20002162.00000000,2026-03-15 17:00:00
BTCUSDT,82446.739,5919170220.921542,20002162.00000000,2026-03-15 18:00:00
BTCUSDT,82114.113,5858836522.33646,20002162.00000000,2026-03-15 19:00:00
BTCUSDT,82042.365,5867276141.448,20002162.00000000,2026-03-15 20:00:00
BTCUSDT,82153.757,5889685887.848213,20002162.00000000,2026-03-15 21:00:00
BTCUSDT,82316.233,5932909566.9818,20002162.00000000,2026-03-15 22:00:00
BTCUSDT,83492.319,6070643022.171,20002162.00000000,2026-03-15 23:00:00
BTCUSDT,83090.614,6047235178.1832,20002162.00000000,2026-03-16 00:00:00
BTCUSDT,83159.099,6028113541.033359,20002162.00000000,2026-03-16 01:00:00
BTCUSDT,83223.357,6052343736.8037,20002162.00000000,2026-03-16 02:00:00
BTCUSDT,83539.085,6055526202.969229,20002546.00000000,2026-03-16 03:00:00
BTCUSDT,84132.191,6187039260.0445,20002546.00000000,2026-03-16 04:00:00
BTCUSDT,87054.464,6425187149.331061,20002546.00000000,2026-03-16 05:00:00
BTCUSDT,87634.478,6497833640.266,20002546.00000000,2026-03-16 06:00:00
BTCUSDT,87523.461,6449652841.543385,20002546.00000000,2026-03-16 07:00:00
BTCUSDT,87470.258,6422057595.3342,20002546.00000000,2026-03-16 08:00:00
BTCUSDT,86057.813,6290776439.976609,20002546.00000000,2026-03-16 09:00:00
BTCUSDT,86119.578,6305641053.3288,20002546.00000000,2026-03-16 10:00:00
BTCUSDT,86274.741,6362428486.190529,20002546.00000000,2026-03-16 11:00:00
BTCUSDT,86574.471,6364548207.9063,20002546.00000000,2026-03-16 12:00:00
BTCUSDT,87620.471,6470048508.108544,20002546.00000000,2026-03-16 13:00:00
BTCUSDT,88239.649,6535734322.132,20002546.00000000,2026-03-16 14:00:00
BTCUSDT,86484.695,6358320182.522,20002546.00000000,2026-03-16 15:00:00
BTCUSDT,87024.321,6374041027.150536,20002546.00000000,2026-03-16 16:00:00
BTCUSDT,88086.585,6494306800.344,20002546.00000000,2026-03-16 17:00:00
BTCUSDT,88614.994,6549693713.5292,20002546.00000000,2026-03-16 18:00:00
BTCUSDT,89113.079,6583674276.52,20002546.00000000,2026-03-16 19:00:00
BTCUSDT,89051.582,6584162292.543,20002546.00000000,2026-03-16 20:00:00
BTCUSDT,89127.854,6612529180.041,20002546.00000000,2026-03-16 21:00:00
BTCUSDT,88911.614,6611514152.605237,20002546.00000000,2026-03-16 22:00:00
BTCUSDT,88743.145,6630914417.3435,20002546.00000000,2026-03-16 23:00:00
BTCUSDT,88359.114,6613707290.641551,20002546.00000000,2026-03-17 00:00:00
BTCUSDT,89263.262,6720273942.932,20002546.00000000,2026-03-17 01:00:00
BTCUSDT,90363.948,6831116293.81382,20002546.00000000,2026-03-17 02:00:00
BTCUSDT,89856.372,6753479214.362527,20002956.00000000,2026-03-17 03:00:00
BTCUSDT,88822.741,6610614734.3768,20002956.00000000,2026-03-17 04:00:00
BTCUSDT,87723.297,6509839188.670209,20002956.00000000,2026-03-17 05:00:00
BTCUSDT,88927.42,6580501632.830331,20002956.00000000,2026-03-17 06:00:00
BTCUSDT,88464.814,6550776090.478408,20002956.00000000,2026-03-17 07:00:00
BTCUSDT,88155.412,6542259959.6736,20002956.00000000,2026-03-17 08:00:00
BTCUSDT,88277.014,6545816265.808956,20002956.00000000,2026-03-17 09:00:00
BTCUSDT,87947.962,6498474912.18,20002956.00000000,2026-03-17 10:00:00
BTCUSDT,86106.889,6346189658.2557,20002956.00000000,2026-03-17 11:00:00
BTCUSDT,86677.601,6414027267.534499,20002956.00000000,2026-03-17 12:00:00
BTCUSDT,86815.211,6399550423.082362,20002956.00000000,2026-03-17 13:00:00
BTCUSDT,89098.181,6555265019.8035,20002956.00000000,2026-03-17 14:00:00
BTCUSDT,89457.221,6650249809.14,20002956.00000000,2026-03-17 15:00:00
BTCUSDT,89184.252,6589165124.472619,20002956.00000000,2026-03-17 16:00:00
BTCUSDT,89986.108,6669491368.0252,20002956.00000000,2026-03-17 17:00:00
BTCUSDT,91913.029,6845766777.412442,20002956.00000000,2026-03-17 18:00:00
BTCUSDT,92448.623,6900275223.32509,20002956.00000000,2026-03-17 19:00:00
BTCUSDT,92887.213,6917868075.388,20002956.00000000,2026-03-17 20:00:00
BTCUSDT,92641.565,6899008081.3935,20002956.00000000,2026-03-17 21:00:00
BTCUSDT,92815.75,6928723582.225,20002956.00000000,2026-03-17 22:00:00
BTCUSDT,93087.092,6913196665.7628,20002956.00000000,2026-03-17 23:00:00
BTCUSDT,93211.424,6885751598.2976,20002956.00000000,2026-03-18 00:00:00
BTCUSDT,92912.349,6859672270.4955,20002956.00000000,2026-03-18 01:00:00
BTCUSDT,92864.505,6875417761.59597,20002956.00000000,2026-03-18 02:00:00
BTCUSDT,93036.301,6912597164.3,20003043.00000000,2026-03-18 03:00:00
BTCUSDT,93430.276,6952576616.4296,20003043.00000000,2026-03-18 04:00:00
BTCUSDT,93481.409,6930468611.5966,20003043.00000000,2026-03-18 05:00:00
BTCUSDT,93577.09,6916404372.117,20003043.00000000,2026-03-18 06:00:00
BTCUSDT,93506.768,6911200259.336345,20003043.00000000,2026-03-18 07:00:00
BTCUSDT,93431.301,6898984277.784191,20003043.00000000,2026-03-18 08:00:00
BTCUSDT,93749.728,6938032995.3952,20003043.00000000,2026-03-18 09:00:00
BTCUSDT,93569.649,6937716143.143717,20003043.00000000,2026-03-18 10:00:00
BTCUSDT,93593.943,6916124417.985,20003043.00000000,2026-03-18 11:00:00
BTCUSDT,92845.638,6769904873.081007,20003043.00000000,2026-03-18 12:00:00
BTCUSDT,91822.975,6642185439.835897,20003043.00000000,2026-03-18 13:00:00
BTCUSDT,91241.67,6579063939.491239,20003043.00000000,2026-03-18 14:00:00
BTCUSDT,90070.636,6408354617.1916,20003043.00000000,2026-03-18 15:00:00
BTCUSDT,87158.31,6226549533.068832,20003043.00000000,2026-03-18 16:00:00
BTCUSDT,87299.566,6223533680.4004,20003043.00000000,2026-03-18 17:00:00
BTCUSDT,86847.077,6215269730.249566,20003043.00000000,2026-03-18 18:00:00
BTCUSDT,86380.912,6138874351.249409,20003043.00000000,2026-03-18 19:00:00
BTCUSDT,86873.032,6170930267.7848,20003043.00000000,2026-03-18 20:00:00
BTCUSDT,86178.032,6135701161.8076725,20003043.00000000,2026-03-18 21:00:00
BTCUSDT,86011.858,6127100026.646747,20003043.00000000,2026-03-18 22:00:00
BTCUSDT,85942.728,6112074929.904,20003043.00000000,2026-03-18 23:00:00
BTCUSDT,85934.444,6119282055.695424,20003043.00000000,2026-03-19 00:00:00
BTCUSDT,86059.535,6108612308.565108,20003043.00000000,2026-03-19 01:00:00
BTCUSDT,86175.32,6125888511.145199,20003043.00000000,2026-03-19 02:00:00
BTCUSDT,86265.468,6126777845.869353,20003043.00000000,2026-03-19 03:00:00
BTCUSDT,86463.158,6154456232.7558,20003043.00000000,2026-03-19 04:00:00
BTCUSDT,86494.424,6123000821.0568,20003043.00000000,2026-03-19 05:00:00
BTCUSDT,86685.894,6136780499.7102,20003043.00000000,2026-03-19 06:00:00
BTCUSDT,87048.906,6141653909.063728,20003043.00000000,2026-03-19 07:00:00
BTCUSDT,87327.666,6125945928.715847,20003043.00000000,2026-03-19 08:00:00
BTCUSDT,89205.388,6240667352.904973,20003043.00000000,2026-03-19 09:00:00
BTCUSDT,88783.368,6256767787.642777,20003043.00000000,2026-03-19 10:00:00
BTCUSDT,88913.62,6233115940.165337,20003043.00000000,2026-03-19 11:00:00
BTCUSDT,89205.516,6237847355.6772,20003043.00000000,2026-03-19 12:00:00
BTCUSDT,88225.125,6110233949.6625,20003043.00000000,2026-03-19 13:00:00
BTCUSDT,88645.232,6192622939.672,20003043.00000000,2026-03-19 14:00:00
BTCUSDT,88596.536,6154301255.438636,20003043.00000000,2026-03-19 15:00:00
BTCUSDT,86928.555,6030042617.529,20003043.00000000,2026-03-19 16:00:00
BTCUSDT,87781.327,6094457952.585698,20003043.00000000,2026-03-19 17:00:00
BTCUSDT,87503.573,6109513130.274288,20003043.00000000,2026-03-19 18:00:00
BTCUSDT,87452.718,6103953517.331588,20003043.00000000,2026-03-19 19:00:00
BTCUSDT,87146.178,6120877389.5682,20003043.00000000,2026-03-19 20:00:00
BTCUSDT,87098.816,6136087389.507974,20003043.00000000,2026-03-19 21:00:00
BTCUSDT,87003.704,6123396011.291692,20003043.00000000,2026-03-19 22:00:00
BTCUSDT,87083.339,6109777056.106554,20003043.00000000,2026-03-19 23:00:00
BTCUSDT,86874.419,6072083733.190474,20003043.00000000,2026-03-20 00:00:00
BTCUSDT,86900.593,6097307059.710547,20003043.00000000,2026-03-20 01:00:00
BTCUSDT,86931.21,6117184078.401,20003043.00000000,2026-03-20 02:00:00
BTCUSDT,86770.749,6106840031.5494175,20003043.00000000,2026-03-20 03:00:00
BTCUSDT,86899.841,6143846436.929382,20003043.00000000,2026-03-20 04:00:00
BTCUSDT,87221.396,6170720419.286159,20003043.00000000,2026-03-20 05:00:00
BTCUSDT,87455.953,6171792839.9959,20003043.00000000,2026-03-20 06:00:00
BTCUSDT,87451.314,6162112233.925579,20003043.00000000,2026-03-20 07:00:00
BTCUSDT,87618.192,6204410650.0848,20003043.00000000,2026-03-20 08:00:00
BTCUSDT,87423.725,6207394545.413117,20003043.00000000,2026-03-20 09:00:00
BTCUSDT,87559.317,6176954312.102618,20003043.00000000,2026-03-20 10:00:00
BTCUSDT,87076.183,6145915364.7047,20003043.00000000,2026-03-20 11:00:00
BTCUSDT,86590.223,6099406649.0977,20003043.00000000,2026-03-20 12:00:00
BTCUSDT,86961.734,6114129148.729022,20003043.00000000,2026-03-20 13:00:00
BTCUSDT,87459.989,6107427237.8579,20003043.00000000,2026-03-20 14:00:00
BTCUSDT,86857.937,6054510670.7283,20003043.00000000,2026-03-20 15:00:00
BTCUSDT,86792.299,6061433743.540538,20003043.00000000,2026-03-20 16:00:00
BTCUSDT,86916.6,6066159971.111022,20003043.00000000,2026-03-20 17:00:00
BTCUSDT,87189.752,6100204841.7544,20003043.00000000,2026-03-20 18:00:00
BTCUSDT,87035.137,6069540759.187634,20003043.00000000,2026-03-20 19:00:00
BTCUSDT,87137.858,6111221967.5424,20003043.00000000,2026-03-20 20:00:00
BTCUSDT,86885.361,6083686911.6117,20003043.00000000,2026-03-20 21:00:00
BTCUSDT,87084.813,6140219537.4105,20003043.00000000,2026-03-20 22:00:00
BTCUSDT,86885.839,6146388841.149937,20003043.00000000,2026-03-20 23:00:00
BTCUSDT,86774.827,6115467845.499733,20003043.00000000,2026-03-21 00:00:00
BTCUSDT,87128.088,6155067935.8632,20003043.00000000,2026-03-21 01:00:00
BTCUSDT,87257.481,6145763048.386453,20003043.00000000,2026-03-21 02:00:00
BTCUSDT,87274.963,6170671528.9594,20003043.00000000,2026-03-21 03:00:00
BTCUSDT,87381.512,6172446506.5048,20003043.00000000,2026-03-21 04:00:00
BTCUSDT,87369.655,6168533541.0685,20003043.00000000,2026-03-21 05:00:00
BTCUSDT,87301.991,6169972181.7349,20003043.00000000,2026-03-21 06:00:00
BTCUSDT,87312.819,6176814410.9265,20003043.00000000,2026-03-21 07:00:00
BTCUSDT,87166.133,6161030988.183387,20003043.00000000,2026-03-21 08:00:00
BTCUSDT,87421.172,6168735128.3048,20003043.00000000,2026-03-21 09:00:00
BTCUSDT,87343.64,6169419137.6719475,20003043.00000000,2026-03-21 10:00:00
BTCUSDT,87488.916,6174626484.5076,20003043.00000000,2026-03-21 11:00:00
BTCUSDT,87358.981,6169142727.9523,20003043.00000000,2026-03-21 12:00:00
BTCUSDT,87367.719,6175150378.92,20003043.00000000,2026-03-21 13:00:00
BTCUSDT,87369.208,6177034414.830276,20003043.00000000,2026-03-21 14:00:00
BTCUSDT,87326.572,6164970696.781674,20003043.00000000,2026-03-21 15:00:00
BTCUSDT,87309.322,6163959554.8102,20003043.00000000,2026-03-21 16:00:00
BTCUSDT,87473.833,6147214866.6917,20003043.00000000,2026-03-21 17:00:00
BTCUSDT,87437.449,6145752230.190062,20003043.00000000,2026-03-21 18:00:00
BTCUSDT,87296.932,6143396468.673773,20003043.00000000,2026-03-21 19:00:00
BTCUSDT,87401.294,6150081850.260229,20003043.00000000,2026-03-21 20:00:00
BTCUSDT,87293.692,6148318449.274,20003043.00000000,2026-03-21 21:00:00
BTCUSDT,87143.479,6128063180.198634,20003043.00000000,2026-03-21 22:00:00
BTCUSDT,87202.767,6126282150.8811,20003043.00000000,2026-03-21 23:00:00
BTCUSDT,86381.612,5950086368.8168,20003043.00000000,2026-03-22 00:00:00
BTCUSDT,86939.831,5990791866.780873,20003043.00000000,2026-03-22 01:00:00
BTCUSDT,87155.821,6007310833.8281,20003043.00000000,2026-03-22 02:00:00
BTCUSDT,87319.601,6045790874.2375,20003043.00000000,2026-03-22 03:00:00
BTCUSDT,87416.777,6058683042.6195345,20003043.00000000,2026-03-22 04:00:00
BTCUSDT,87651.771,6076906048.6071,20003043.00000000,2026-03-22 05:00:00
BTCUSDT,87785.22,6067398379.608,20003043.00000000,2026-03-22 06:00:00
BTCUSDT,87773.644,6067656530.464128,20003043.00000000,2026-03-22 07:00:00
BTCUSDT,87800.538,6048087379.8072,20003043.00000000,2026-03-22 08:00:00
BTCUSDT,88223.616,6065970800.999673,20003043.00000000,2026-03-22 09:00:00
BTCUSDT,88194.447,6066305106.3351,20003043.00000000,2026-03-22 10:00:00
BTCUSDT,88306.699,6058552219.0964365,20003043.00000000,2026-03-22 11:00:00
BTCUSDT,88532.338,6035936553.349427,20003043.00000000,2026-03-22 12:00:00
BTCUSDT,88061.14,6042389820.5576725,20003043.00000000,2026-03-22 13:00:00
BTCUSDT,88015.687,6043192275.6948,20003043.00000000,2026-03-22 14:00:00
BTCUSDT,87915.877,6037732069.9775305,20003043.00000000,2026-03-22 15:00:00
BTCUSDT,87793.122,6042070859.736548,20003043.00000000,2026-03-22 16:00:00
BTCUSDT,87703.399,6030822060.317686,20003043.00000000,2026-03-22 17:00:00
BTCUSDT,87527.089,6007867525.173599,20003043.00000000,2026-03-22 18:00:00
BTCUSDT,87340.252,5990472079.860022,20003043.00000000,2026-03-22 19:00:00
BTCUSDT,87571.499,5969801629.7294,20003043.00000000,2026-03-22 20:00:00
BTCUSDT,87622.947,5970962409.511329,20003043.00000000,2026-03-22 21:00:00
BTCUSDT,86402.562,5863701471.550406,20003043.00000000,2026-03-22 22:00:00
BTCUSDT,86527.218,5909938780.227,20003043.00000000,2026-03-22 23:00:00
BTCUSDT,86672.012,5879387266.8188,20003043.00000000,2026-03-23 00:00:00
BTCUSDT,87267.317,5902979490.1725,20003043.00000000,2026-03-23 01:00:00
BTCUSDT,87656.001,5949703661.4756,20003043.00000000,2026-03-23 02:00:00
BTCUSDT,87743.196,5991711917.202634,20003043.00000000,2026-03-23 03:00:00
BTCUSDT,87645.784,5963866136.8584,20003043.00000000,2026-03-23 04:00:00
BTCUSDT,87924.073,6023339604.84833,20003043.00000000,2026-03-23 05:00:00
BTCUSDT,87764.017,6043929077.191957,20003043.00000000,2026-03-23 06:00:00
BTCUSDT,88138.335,5980435634.95959,20003043.00000000,2026-03-23 07:00:00
BTCUSDT,87787.727,5995102885.7843,20003043.00000000,2026-03-23 08:00:00
BTCUSDT,87721.99,6000192888.199,20003043.00000000,2026-03-23 09:00:00
BTCUSDT,87468.681,5974548255.705,20003043.00000000,2026-03-23 10:00:00
BTCUSDT,87769.257,6013256112.5097,20003043.00000000,2026-03-23 11:00:00
BTCUSDT,87060.591,6100927623.3888,20003043.00000000,2026-03-23 12:00:00
BTCUSDT,86601.991,6124597608.872789,20003043.00000000,2026-03-23 13:00:00
BTCUSDT,86661.146,6191236926.4174,20003043.00000000,2026-03-23 14:00:00
BTCUSDT,87451.627,6245654440.609598,20003043.00000000,2026-03-23 15:00:00
BTCUSDT,87336.137,6123319970.9577,20003043.00000000,2026-03-23 16:00:00
BTCUSDT,85932.033,6061164388.4352,20003043.00000000,2026-03-23 17:00:00
BTCUSDT,85644.841,6085378618.781327,20003043.00000000,2026-03-23 18:00:00
BTCUSDT,85772.763,6094650848.09047,20003043.00000000,2026-03-23 19:00:00
BTCUSDT,85755.624,6061015965.405142,20003043.00000000,2026-03-23 20:00:00
BTCUSDT,85322.653,6047371015.3545,20003043.00000000,2026-03-23 21:00:00
BTCUSDT,85323.94,6042095357.584,20003043.00000000,2026-03-23 22:00:00
BTCUSDT,85387.977,6041799249.276256,20003043.00000000,2026-03-23 23:00:00
BTCUSDT,85432.91,6054518040.664285,20003043.00000000,2026-03-24 00:00:00
BTCUSDT,85518.118,6042353974.017657,20003043.00000000,2026-03-24 01:00:00
BTCUSDT,85275.744,6010234437.12,20003043.00000000,2026-03-24 02:00:00
BTCUSDT,85370.996,6012040060.786078,20003043.00000000,2026-03-24 03:00:00
BTCUSDT,85407.354,6022251885.9834,20003043.00000000,2026-03-24 04:00:00
BTCUSDT,85666.046,6025232176.988235,20003043.00000000,2026-03-24 05:00:00
BTCUSDT,85456.678,6003297446.8288,20003043.00000000,2026-03-24 06:00:00
BTCUSDT,85526.453,6030319122.269465,20003043.00000000,2026-03-24 07:00:00
BTCUSDT,85600.72,6100420911.52,20003043.00000000,2026-03-24 08:00:00
BTCUSDT,85693.227,6080691897.462177,20003043.00000000,2026-03-24 09:00:00
BTCUSDT,85949.528,6127505155.2232,20003043.00000000,2026-03-24 10:00:00
BTCUSDT,85962.905,6123644904.2895,20003043.00000000,2026-03-24 11:00:00
BTCUSDT,85782.611,6100623573.650608,20003043.00000000,2026-03-24 12:00:00
BTCUSDT,86050.261,6103063131.2684,20003043.00000000,2026-03-24 13:00:00
BTCUSDT,86295.495,6046215447.08705,20003043.00000000,2026-03-24 14:00:00
BTCUSDT,86297.365,6027304160.415967,20003043.00000000,2026-03-24 15:00:00
BTCUSDT,85604.732,5978848494.71,20003043.00000000,2026-03-24 16:00:00
BTCUSDT,85836.009,5960443881.3591,20003043.00000000,2026-03-24 17:00:00
BTCUSDT,85671.263,5928871188.7887,20003043.00000000,2026-03-24 18:00:00
BTCUSDT,85608.081,5941175138.9757,20003043.00000000,2026-03-24 19:00:00
BTCUSDT,85544.399,5931828269.8979,20003043.00000000,2026-03-24 20:00:00
BTCUSDT,85844.148,6014133467.934349,20003043.00000000,2026-03-24 21:00:00
BTCUSDT,85500.033,6010783483.76583,20003043.00000000,2026-03-24 22:00:00
BTCUSDT,85406.792,6002483673.369598,20003043.00000000,2026-03-24 23:00:00
BTCUSDT,86159.608,6076509318.67778,20003043.00000000,2026-03-25 00:00:00
BTCUSDT,86157.125,6100303541.35,20003043.00000000,2026-03-25 01:00:00
BTCUSDT,85902.039,6069853629.642515,20003043.00000000,2026-03-25 02:00:00
BTCUSDT,85936.614,6058522693.3386,20003043.00000000,2026-03-25 03:00:00
BTCUSDT,85974.143,6077443389.3556,20003043.00000000,2026-03-25 04:00:00
BTCUSDT,85869.823,6091442090.9563,20003043.00000000,2026-03-25 05:00:00
BTCUSDT,86446.478,6144694875.948043,20003043.00000000,2026-03-25 06:00:00
BTCUSDT,86782.872,6157227411.8256,20003043.00000000,2026-03-25 07:00:00
BTCUSDT,86917.081,6162421042.9,20003043.00000000,2026-03-25 08:00:00
BTCUSDT,87172.43,6207627031.880912,20003043.00000000,2026-03-25 09:00:00
BTCUSDT,87256.379,6221576396.778867,20003043.00000000,2026-03-25 10:00:00
BTCUSDT,87415.668,6246959657.5836,20003043.00000000,2026-03-25 11:00:00
BTCUSDT,87680.491,6282324716.2482,20003043.00000000,2026-03-25 12:00:00
BTCUSDT,87602.047,6280725121.9167,20003043.00000000,2026-03-25 13:00:00
BTCUSDT,87884.682,6287858977.6494,20003043.00000000,2026-03-25 14:00:00
BTCUSDT,87968.698,6263592332.9776945,20003043.00000000,2026-03-25 15:00:00
BTCUSDT,87083.093,6166101316.00866,20003043.00000000,2026-03-25 16:00:00
BTCUSDT,87571.879,6243008011.0979,20003043.00000000,2026-03-25 17:00:00
BTCUSDT,87378.194,6182243146.6238,20003043.00000000,2026-03-25 18:00:00
BTCUSDT,86972.562,6156500654.5254,20003043.00000000,2026-03-25 19:00:00
BTCUSDT,86847.445,6152794088.47,20003043.00000000,2026-03-25 20:00:00
BTCUSDT,86502.053,6139162031.432766,20003043.00000000,2026-03-25 21:00:00
BTCUSDT,86317.118,6128515378.0,20003043.00000000,2026-03-25 22:00:00
BTCUSDT,86309.546,6156846971.339037,20003043.00000000,2026-03-25 23:00:00
BTCUSDT,86309.142,6153626051.745,20003043.00000000,2026-03-26 00:00:00
BTCUSDT,86390.072,6156707243.64063,20003043.00000000,2026-03-26 01:00:00
BTCUSDT,86573.87,6165919304.396219,20003043.00000000,2026-03-26 02:00:00
BTCUSDT,86640.421,6140771038.211446,20003043.00000000,2026-03-26 03:00:00
BTCUSDT,86786.307,6149401953.673776,20003043.00000000,2026-03-26 04:00:00
BTCUSDT,86807.15,6140790318.761687,20003043.00000000,2026-03-26 05:00:00
BTCUSDT,86182.257,6031775512.2702,20003043.00000000,2026-03-26 06:00:00
BTCUSDT,86616.082,6068232679.428063,20003043.00000000,2026-03-26 07:00:00
BTCUSDT,86774.968,6078933608.272,20003043.00000000,2026-03-26 08:00:00
BTCUSDT,86968.368,6086752982.596616,20003043.00000000,2026-03-26 09:00:00
BTCUSDT,86981.188,6049506832.9248,20003043.00000000,2026-03-26 10:00:00
BTCUSDT,87167.444,6056394009.12,20003043.00000000,2026-03-26 11:00:00
BTCUSDT,86870.506,6014861713.1364,20003043.00000000,2026-03-26 12:00:00
BTCUSDT,87077.391,6042974808.720402,20003043.00000000,2026-03-26 13:00:00
BTCUSDT,86992.147,6056828234.875,20003043.00000000,2026-03-26 14:00:00
BTCUSDT,87545.388,6080438659.9236,20003043.00000000,2026-03-26 15:00:00
BTCUSDT,86641.975,5983798040.4125,20003043.00000000,2026-03-26 16:00:00
BTCUSDT,87021.385,5996191129.148,20003043.00000000,2026-03-26 17:00:00
BTCUSDT,86540.706,5923810270.573571,20003043.00000000,2026-03-26 18:00:00
BTCUSDT,86693.477,5934766685.6413,20003043.00000000,2026-03-26 19:00:00
BTCUSDT,86613.048,5933444175.8496,20003043.00000000,2026-03-26 20:00:00
BTCUSDT,87027.372,6003139417.8228,20003043.00000000,2026-03-26 21:00:00
BTCUSDT,87344.184,6017442511.811606,20003043.00000000,2026-03-26 22:00:00
BTCUSDT,87514.731,6026474412.0144,20003043.00000000,2026-03-26 23:00:00
BTCUSDT,87406.838,6012543398.45203,20003043.00000000,2026-03-27 00:00:00
BTCUSDT,88084.262,6055953297.963197,20003043.00000000,2026-03-27 01:00:00
BTCUSDT,88242.488,6089558355.762819,20003043.00000000,2026-03-27 02:00:00
BTCUSDT,88170.195,6072360682.8255,20003043.00000000,2026-03-27 03:00:00
BTCUSDT,88366.998,6073101467.8482,20003043.00000000,2026-03-27 04:00:00
BTCUSDT,88422.092,6060467870.0984,20003043.00000000,2026-03-27 05:00:00
BTCUSDT,88571.69,6075172715.76745,20003043.00000000,2026-03-27 06:00:00
BTCUSDT,88763.097,6091226596.409351,20003043.00000000,2026-03-27 07:00:00
BTCUSDT,89034.276,6098278086.6336,20003043.00000000,2026-03-27 08:00:00
BTCUSDT,89335.463,6064478536.513377,20003043.00000000,2026-03-27 09:00:00
BTCUSDT,90099.993,6095444726.436,20003043.00000000,2026-03-27 10:00:00
BTCUSDT,91313.87,6068409333.042,20003043.00000000,2026-03-27 11:00:00
BTCUSDT,91748.608,6116255804.8256,20003043.00000000,2026-03-27 12:00:00
BTCUSDT,92233.268,6141205516.26155,20003043.00000000,2026-03-27 13:00:00
BTCUSDT,93125.365,6160745771.721,20003043.00000000,2026-03-27 14:00:00
BTCUSDT,93630.007,6194814064.1389,20003043.00000000,2026-03-27 15:00:00
BTCUSDT,93971.692,6210777067.664,20003043.00000000,2026-03-27 16:00:00
BTCUSDT,94417.626,6226408113.6204,20003043.00000000,2026-03-27 17:00:00
BTCUSDT,94737.463,6215230203.684052,20003043.00000000,2026-03-27 18:00:00
BTCUSDT,94584.384,6224553211.423739,20003043.00000000,2026-03-27 19:00:00
BTCUSDT,94901.647,6264552620.117,20003043.00000000,2026-03-27 20:00:00
BTCUSDT,95034.487,6270783873.986181,20003043.00000000,2026-03-27 21:00:00
BTCUSDT,95130.787,6282490239.91495,20003043.00000000,2026-03-27 22:00:00
BTCUSDT,95224.998,6283064845.050952,20003043.00000000,2026-03-27 23:00:00
BTCUSDT,95177.686,6316390989.2412,20003043.00000000,2026-03-28 00:00:00
BTCUSDT,95245.65,6323349178.935,20003043.00000000,2026-03-28 01:00:00
BTCUSDT,94993.728,6282609688.1088,20003043.00000000,2026-03-28 02:00:00
BTCUSDT,95125.608,6280202152.7208,20005753.00000000,2026-03-28 03:00:00
